filename,file_size_mb,num_nodes,num_edges,min_timestamp,max_timestamp,time_span_days,time_span_years,max_degree,avg_degree,density,processing_time_sec
bitcoin-temporal.txt,2761.6,48098591,113100979,1231731025,1455033957,2584,7.08,5201135,4.7,1e-07,160.1
cit-Patents.txt,425.1,3774768,16518948,1000000003,1157759993,1825,5.0,793,8.75,2.32e-06,28.2
soc-LiveJournal1.txt,1688.5,4847571,68993773,1200000001,1299999999,1157,3.17,22889,28.47,5.87e-06,118.3
sx-stackoverflow.txt,1562.0,2601977,63497050,1217567877,1457273428,2774,7.6,194806,48.81,1.876e-05,80.5
sx-superuser.txt,32.5,194085,1443339,1217651565,1457266493,2773,7.6,27637,14.87,7.663e-05,1.5
temporal-reddit-reply.txt,15744.0,8901033,646044687,1134365188,1451606059,3671,10.06,995239,145.16,1.631e-05,768.8
wiki-talk-temporal.txt,165.5,1140149,7833140,999130846,1199614728,2320,6.36,296854,13.74,1.205e-05,8.0
citation_network_10M.txt,236.3,1000000,10000000,1280000000,1311535993,364,1.0,47,20.0,2e-05,15.6
social_media_100M.txt,2532.5,5000000,100000000,1280000000,1437679996,1824,5.0,77,40.0,8e-06,177.2
communication_1B.txt,25537.3,10000000,1000000000,1280000000,1595360000,3650,10.0,278,200.0,2e-05,1833.8
